Step,AgentID,Loudness,Voice
1,0,-1.3167629306831965,2
1,1,-1.3167629306831965,2
1,2,-1.3167629306831965,2
1,3,-1.3167629306831965,2
1,4,-1.3167629306831965,2
1,5,-2.9241210395363217,1
1,6,-1.3167629306831965,2
1,7,-1.3167629306831965,2
1,8,-1.3167629306831965,2
1,9,-1.3167629306831965,2
1,10,-2.1827725762609482,1
1,11,-1.3167629306831965,2
1,12,-1.3167629306831965,2
1,13,-1.3167629306831965,2
1,14,-1.3167629306831965,2
1,15,-1.1708735743768968,-1
1,16,-1.3167629306831965,2
1,17,-1.3167629306831965,2
1,18,-1.3167629306831965,2
1,19,-1.3167629306831965,2
1,20,-1.3167629306831965,2
1,21,-1.3167629306831965,2
1,22,-1.2692283178246635,-1
1,23,-1.3167629306831965,2
1,24,-1.3167629306831965,2
1,25,-1.3167629306831965,2
1,26,-1.3167629306831965,2
1,27,-1.3167629306831965,2
1,28,-1.3167629306831965,2
1,29,-1.3167629306831965,2
1,30,-1.3167629306831965,2
1,31,0.6965320983925636,1
1,32,-1.3167629306831965,2
1,33,-1.3167629306831965,2
1,34,-1.3167629306831965,2
1,35,-1.3167629306831965,2
1,36,-1.8319003034617651,1
1,37,-1.3167629306831965,2
1,38,-1.3167629306831965,2
1,39,-1.3167629306831965,2
1,40,-1.3167629306831965,2
1,41,-3.7305488678910605,0
1,42,0.0,0
1,43,-1.3167629306831965,2
1,44,-0.9975813186444416,0
1,45,-1.3167629306831965,2
1,46,-1.3167629306831965,2
1,47,-1.118493067840244,-1
1,48,-1.3167629306831965,2
1,49,-1.3167629306831965,2
1,50,-1.3167629306831965,2
1,51,-1.3167629306831965,2
1,52,-1.3167629306831965,2
1,53,-0.6931943066162335,0
1,54,-1.3167629306831965,2
1,55,-1.3167629306831965,2
1,56,-1.3167629306831965,2
1,57,-1.3167629306831965,2
1,58,-2.2757430978028985,0
1,59,-1.3167629306831965,2
1,60,-1.3167629306831965,2
1,61,-3.7026577114284747,0
1,62,-1.3167629306831965,2
1,63,-1.3167629306831965,2
1,64,-1.3167629306831965,2
1,65,-1.3167629306831965,2
1,66,-1.3167629306831965,2
1,67,-1.3167629306831965,2
1,68,-1.3167629306831965,2
1,69,0.5570763160796384,1
1,70,0.0,0
1,71,-1.3167629306831965,2
1,72,-1.3167629306831965,2
1,73,-1.1570963431179377,-1
1,74,-1.3167629306831965,2
1,75,-1.3167629306831965,2
1,76,-1.3167629306831965,2
1,77,-1.3167629306831965,2
1,78,-3.349369729569065,0
1,79,-1.3167629306831965,2
1,80,-1.3167629306831965,2
1,81,-1.4042359043687946,1
1,82,-1.3167629306831965,2
1,83,-1.3167629306831965,2
1,84,-1.3167629306831965,2
1,85,-1.3167629306831965,2
1,86,-1.3167629306831965,2
1,87,-2.4988723495035785,0
1,88,-1.3167629306831965,2
1,89,-1.3167629306831965,2
1,90,-0.8787594334421577,-1
1,91,-1.3167629306831965,2
1,92,-1.3167629306831965,2
1,93,-1.3167629306831965,2
1,94,-1.3167629306831965,2
1,95,-4.2301739751573635,1
1,96,-0.14708393857895513,0
1,97,-1.3167629306831965,2
1,98,-1.3167629306831965,2
1,99,-3.7026577114284747,1
2,0,0.5251834896157195,1
2,1,-4.118148434274344,1
2,2,-1.3612157144633752,2
2,3,-1.3612157144633752,2
2,4,-1.3612157144633752,2
2,5,0.2114164904862579,1
2,6,-1.3612157144633752,2
2,7,-1.3612157144633752,2
2,8,-1.3612157144633752,2
2,9,-1.3612157144633752,2
2,10,-1.3612157144633752,2
2,11,-1.0737718641959955,0
2,12,-1.3878783101604282,-1
2,13,-0.7092586111180201,-1
2,14,0.0,0
2,15,-1.3612157144633752,2
2,16,-1.3612157144633752,2
2,17,-1.3612157144633752,2
2,18,-2.355193080462629,1
2,19,0.024355234423579297,1
2,20,-1.3612157144633752,2
2,21,-1.3612157144633752,2
2,22,-1.352029532396468,-1
2,23,-1.3612157144633752,2
2,24,-1.3612157144633752,2
2,25,-1.3612157144633752,1
2,26,-1.3612157144633752,2
2,27,-1.3612157144633752,2
2,28,-1.3612157144633752,2
2,29,-1.3612157144633752,2
2,30,-0.6597671384156198,0
2,31,-3.5304966496704386,0
2,32,-1.3612157144633752,2
2,33,-0.5654360489988807,-1
2,34,-1.3612157144633752,2
2,35,0.2114164904862579,1
2,36,-1.8254236487999005,1
2,37,-1.3612157144633752,2
2,38,-1.3612157144633752,2
2,39,-0.6404730207685609,0
2,40,-1.3612157144633752,2
2,41,-1.3612157144633752,2
2,42,-1.3612157144633752,2
2,43,-1.3612157144633752,2
2,44,-1.8254236487999005,0
2,45,-1.3612157144633752,2
2,46,-1.3612157144633752,2
2,47,-1.3612157144633752,2
2,48,-0.5632965501803258,1
2,49,-1.3612157144633752,2
2,50,-2.5762566297724163,0
2,51,-0.04317417734112654,0
2,52,-1.3612157144633752,2
2,53,-1.4418708374580278,-1
2,54,-1.3612157144633752,2
2,55,-1.3612157144633752,2
2,56,-1.3612157144633752,2
2,57,-1.3612157144633752,2
2,58,-1.3612157144633752,2
2,59,-3.270844865066534,1
2,60,-0.5054141972391493,1
2,61,-1.3612157144633752,2
2,62,-3.309433100360651,1
2,63,-1.3612157144633752,1
2,64,0.602359960203955,1
2,65,-1.3612157144633752,2
2,66,-1.3612157144633752,2
2,67,-0.9444996010446463,-1
2,68,0.2114164904862579,0
2,69,-1.3612157144633752,2
2,70,-3.309433100360651,1
2,71,-1.3612157144633752,2
2,72,-1.3612157144633752,2
2,73,0.4673011366745431,0
2,74,-3.0103742768312403,1
2,75,-1.3612157144633752,2
2,76,-1.3612157144633752,1
2,77,-2.3262519039920404,1
2,78,-1.3612157144633752,2
2,79,-1.3612157144633752,2
2,80,-1.3612157144633752,2
2,81,-1.4974236487999004,1
2,82,-1.3612157144633752,2
2,83,-1.3612157144633752,2
2,84,-1.3612157144633752,2
2,85,-1.3612157144633752,2
2,86,-1.3612157144633752,2
2,87,-1.3612157144633752,2
2,88,-1.3612157144633752,2
2,89,-0.9704972851635368,-1
2,90,-1.3612157144633752,2
2,91,-1.3612157144633752,2
2,92,-1.3612157144633752,2
2,93,-1.7386001193881355,1
2,94,-1.3612157144633752,2
2,95,-1.3612157144633752,2
2,96,-1.3612157144633752,2
2,97,-1.3612157144633752,2
2,98,-1.3612157144633752,2
2,99,0.2114164904862579,1
3,0,-0.8677138311630322,2
3,1,0.6479481641468683,0
3,2,-0.8677138311630322,2
3,3,0.2159827213822894,0
3,4,-0.4220386923288098,-1
3,5,-2.4311757067397854,1
3,6,0.6479481641468683,0
3,7,-0.8677138311630322,2
3,8,-0.8677138311630322,2
3,9,-0.8677138311630322,2
3,10,-0.42992153774405556,-1
3,11,-0.8677138311630322,2
3,12,0.6479481641468683,0
3,13,-0.8677138311630322,2
3,14,-0.8677138311630322,2
3,15,-0.2770375624712658,-1
3,16,-2.4752798415024193,1
3,17,-0.8677138311630322,2
3,18,-0.8677138311630322,1
3,19,0.8639308855291576,0
3,20,-3.0738609044813936,1
3,21,0.8639308855291576,1
3,22,-0.8677138311630322,2
3,23,-0.8677138311630322,2
3,24,-0.8677138311630322,2
3,25,1.079913606911447,1
3,26,-0.8677138311630322,2
3,27,-0.8677138311630322,2
3,28,-0.8677138311630322,2
3,29,0.8639308855291576,1
3,30,-0.8677138311630322,2
3,31,0.2159827213822894,0
3,32,-0.8677138311630322,2
3,33,0.8639308855291576,1
3,34,1.079913606911447,1
3,35,-0.8677138311630322,2
3,36,0.8639308855291576,1
3,37,0.2159827213822894,1
3,38,0.2159827213822894,1
3,39,0.8639308855291576,0
3,40,-0.8677138311630322,2
3,41,-0.5026678754642966,-1
3,42,-0.8677138311630322,2
3,43,0.8639308855291576,1
3,44,-0.637848461495209,-1
3,45,1.079913606911447,1
3,46,0.8639308855291576,1
3,47,-0.8677138311630322,2
3,48,-0.8677138311630322,2
3,49,0.4319654427645788,1
3,50,-0.8677138311630322,2
3,51,-2.112283337578017,0
3,52,-0.8677138311630322,2
3,53,-0.8677138311630322,2
3,54,-0.8677138311630322,2
3,55,-0.8677138311630322,2
3,56,-0.8677138311630322,1
3,57,-0.8677138311630322,2
3,58,-0.025117824693473206,-1
3,59,-0.46452415268953057,-1
3,60,0.8639308855291576,1
3,61,0.4319654427645788,0
3,62,-3.2747797406222814,1
3,63,-0.8677138311630322,2
3,64,-0.8677138311630322,2
3,65,1.2958963282937366,0
3,66,-0.8677138311630322,2
3,67,-0.8677138311630322,2
3,68,-3.2845806594584226,1
3,69,-0.8677138311630322,2
3,70,-3.2747797406222814,1
3,71,0.6479481641468683,1
3,72,-0.8677138311630322,2
3,73,-0.8677138311630322,2
3,74,0.2159827213822894,1
3,75,-0.8677138311630322,2
3,76,-2.3870715719771516,1
3,77,0.2159827213822894,1
3,78,-0.8677138311630322,2
3,79,-0.8677138311630322,2
3,80,1.079913606911447,1
3,81,-0.8677138311630322,2
3,82,-0.8677138311630322,2
3,83,-0.8677138311630322,2
3,84,1.2958963282937366,1
3,85,-0.8677138311630322,2
3,86,-0.8677138311630322,2
3,87,0.4319654427645788,1
3,88,1.2958963282937366,1
3,89,-0.5063054696879992,-1
3,90,-0.8677138311630322,2
3,91,-0.8677138311630322,2
3,92,-0.8677138311630322,2
3,93,-2.754968535319625,1
3,94,-0.8677138311630322,2
3,95,-0.8677138311630322,2
3,96,-0.8677138311630322,2
3,97,-0.8677138311630322,2
3,98,-0.8677138311630322,2
3,99,0.8639308855291576,1
4,0,-1.1643887028977422,-1
4,1,-1.846235302049622,-1
4,2,-1.4390896663318824,0
4,3,-1.4390896663318824,2
4,4,-1.4390896663318824,2
4,5,0.19157088122605365,1
4,6,-1.4390896663318824,2
4,7,0.17300580292378073,1
4,8,-1.9753165569318898,1
4,9,-1.4390896663318824,2
4,10,-1.9753165569318898,0
4,11,-1.4390896663318824,2
4,12,-1.5383953799799126,-1
4,13,-0.6973932410817245,1
4,14,-1.4390896663318824,2
4,15,-1.4390896663318824,2
4,16,-0.3817932336420787,1
4,17,-1.4390896663318824,2
4,18,0.3831417624521073,0
4,19,-1.5323553918833464,1
4,20,-3.005181620354871,0
4,21,-0.2666233307294573,1
4,22,-0.9433726007142059,-1
4,23,-1.4390896663318824,2
4,24,-1.4390896663318824,2
4,25,-1.4390896663318824,2
4,26,-1.4390896663318824,2
4,27,-1.4390896663318824,2
4,28,-0.08057964140906897,1
4,29,-3.8611942491537405,1
4,30,-0.6973932410817245,0
4,31,-1.4390896663318824,2
4,32,-3.279817542684968,1
4,33,-1.4390896663318824,2
4,34,-2.618707826507458,1
4,35,-1.4390896663318824,1
4,36,0.23502036603057697,0
4,37,-3.8789126957556816,1
4,38,-0.6265194546739575,1
4,39,-0.78533156176766,-1
4,40,-1.4390896663318824,2
4,41,-1.4722451549306255,-1
4,42,-2.1846058847598853,1
4,43,-1.4390896663318824,2
4,44,-2.1846058847598853,1
4,45,0.31475337573931483,1
4,46,0.19157088122605365,1
4,47,-1.4390896663318824,2
4,48,-1.904442770524123,1
4,49,-1.518490653944872,-1
4,50,-1.629806848194026,0
4,51,0.1287096864189264,0
4,52,-1.4390896663318824,2
4,53,-1.4390896663318824,1
4,54,-1.4390896663318824,2
4,55,-1.2824782204367076,-1
4,56,-1.4390896663318824,2
4,57,-1.4390896663318824,2
4,58,-1.4390896663318824,2
4,59,-1.9398796637280065,0
4,60,-0.08057964140906897,0
4,61,-1.4390896663318824,2
4,62,-1.4390896663318824,2
4,63,0.3831417624521073,1
4,64,-1.1635451121526614,-1
4,65,-1.2065966549492244,-1
4,66,-1.4390896663318824,2
4,67,-1.4390896663318824,2
4,68,-1.2170583965703232,-1
4,69,-1.147378640776699,-1
4,70,-1.4390896663318824,2
4,71,-1.4390896663318824,2
4,72,-1.4390896663318824,2
4,73,-1.4390896663318824,2
4,74,-3.8611942491537405,1
4,75,-1.4390896663318824,2
4,76,-1.4390896663318824,1
4,77,-3.279817542684968,1
4,78,-0.6265194546739575,1
4,79,-1.4390896663318824,2
4,80,-1.4390896663318824,2
4,81,-1.3288221878138602,-1
4,82,-1.4390896663318824,2
4,83,-1.4390896663318824,2
4,84,0.13756890971989727,0
4,85,-1.4390896663318824,2
4,86,-1.5981809786854142,-1
4,87,-1.2694799036565858,-1
4,88,-1.2654261801138265,-1
4,89,-2.43266413718707,1
4,90,-1.904442770524123,1
4,91,-1.4390896663318824,2
4,92,-1.904442770524123,1
4,93,-1.1195821987873378,-1
4,94,-1.4390896663318824,2
4,95,-1.2821340810177433,-1
4,96,0.0,0
4,97,-0.8589153228806307,-1
4,98,-1.4390896663318824,2
4,99,-1.2433330543466132,1
5,0,-1.1318496020108924,2
5,1,-0.5342082111436951,-1
5,2,-1.1318496020108924,0
5,3,-1.1318496020108924,2
5,4,0.5357142857142857,1
5,5,0.35714285714285715,1
5,6,-1.4840175953079178,0
5,7,1.0714285714285714,1
5,8,-1.1318496020108924,2
5,9,-2.9804356933389196,1
5,10,-3.060494344365312,0
5,11,-1.1318496020108924,2
5,12,-0.4900607457059071,-1
5,13,0.8928571428571429,1
5,14,0.8928571428571429,0
5,15,1.0714285714285714,1
5,16,-1.1318496020108924,2
5,17,-1.1318496020108924,2
5,18,0.5357142857142857,0
5,19,0.7142857142857143,1
5,20,0.8928571428571429,1
5,21,1.0714285714285714,1
5,22,-1.1318496020108924,2
5,23,-1.1318496020108924,2
5,24,0.8928571428571429,1
5,25,-1.1318496020108924,1
5,26,-1.1318496020108924,2
5,27,-1.1318496020108924,2
5,28,0.5357142857142857,1
5,29,-1.1318496020108924,2
5,30,0.8928571428571429,0
5,31,-0.7324994763301215,-1
5,32,0.8928571428571429,1
5,33,-0.5270679723502305,-1
5,34,-0.5023764139086719,-1
5,35,-2.309195643066611,1
5,36,0.5357142857142857,0
5,37,-3.1036028487641394,1
5,38,-0.658973607038123,-1
5,39,-0.6944941348973607,-1
5,40,-1.1318496020108924,2
5,41,-2.8080016757436113,1
5,42,-2.4446795140343527,1
5,43,-1.1318496020108924,2
5,44,-1.1318496020108924,1
5,45,0.5357142857142857,1
5,46,-1.1318496020108924,2
5,47,-1.1318496020108924,2
5,48,-0.6621753246753247,-1
5,49,-0.6370423125261835,-1
5,50,-1.1318496020108924,2
5,51,-0.809594155844156,-1
5,52,-1.1318496020108924,2
5,53,-0.9669192501047338,-1
5,54,0.5357142857142857,1
5,55,-0.6867453917050691,-1
5,56,-1.1318496020108924,2
5,57,0.5357142857142857,1
5,58,-1.1318496020108924,2
5,59,-1.9027649769585253,0
5,60,0.35714285714285715,1
5,61,-1.1318496020108924,2
5,62,-0.9805351906158359,-1
5,63,0.8928571428571429,1
5,64,-0.643026288227901,-1
5,65,-1.0543700251361543,-1
5,66,-1.1318496020108924,2
5,67,-1.1318496020108924,2
5,68,-0.4070506912442397,-1
5,69,-0.1628272936740679,-1
5,70,-1.1318496020108924,2
5,71,-1.1318496020108924,2
5,72,0.35714285714285715,1
5,73,-1.1318496020108924,2
5,74,-0.299844470046083,-1
5,75,-1.1318496020108924,2
5,76,0.7142857142857143,1
5,77,0.17857142857142858,1
5,78,-2.537054880603268,1
5,79,-1.1318496020108924,2
5,80,-0.4689359028068706,-1
5,81,-0.34164641809803104,-1
5,82,0.35714285714285715,0
5,83,-1.1318496020108924,2
5,84,-1.1318496020108924,1
5,85,-1.1318496020108924,2
5,86,-1.9027649769585253,1
5,87,0.8928571428571429,1
5,88,-0.5383975701717638,-1
5,89,-1.7734394637620443,0
5,90,-2.401571009635526,1
5,91,-0.5565636782572266,-1
5,92,-2.530896522832007,1
5,93,-1.1318496020108924,2
5,94,-1.1318496020108924,2
5,95,-0.6576738583996649,-1
5,96,-0.611610284876414,-1
5,97,-1.1318496020108924,2
5,98,-1.1318496020108924,2
5,99,-0.6157959782153332,-1
6,0,0.9960159362549802,1
6,1,-0.12108339172622744,-1
6,2,-0.4039118567605625,2
6,3,0.19920318725099603,0
6,4,-0.5753353820897316,-1
6,5,0.39840637450199207,1
6,6,-0.4039118567605625,2
6,7,-0.4039118567605625,2
6,8,-0.4039118567605625,2
6,9,0.4946500230234839,-1
6,10,-2.7819481204161582,0
6,11,-0.4039118567605625,2
6,12,0.01065364671965401,-1
6,13,-0.4039118567605625,2
6,14,-0.4039118567605625,2
6,15,0.9960159362549802,0
6,16,-0.4039118567605625,2
6,17,-2.415240745560472,1
6,18,-0.3763623696170095,-1
6,19,1.5936254980079683,1
6,20,1.5936254980079683,0
6,21,-2.4051904943041906,1
6,22,-0.4039118567605625,2
6,23,-0.4039118567605625,2
6,24,-0.4039118567605625,2
6,25,-0.09362726647847473,-1
6,26,0.19920318725099603,1
6,27,-0.4039118567605625,2
6,28,-0.4039118567605625,2
6,29,-0.1440882633619626,-1
6,30,0.7968127490039841,0
6,31,0.19920318725099603,0
6,32,0.39840637450199207,1
6,33,0.18364974941106593,-1
6,34,1.1952191235059761,0
6,35,0.7968127490039841,1
6,36,0.19920318725099603,1
6,37,-0.17376399927926492,-1
6,38,0.36751300993680214,-1
6,39,0.19920318725099603,1
6,40,0.5976095617529881,0
6,41,-2.6512948540845,0
6,42,0.09503583655328435,-1
6,43,-0.4039118567605625,2
6,44,-2.7785980366640644,1
6,45,-0.4607034041388884,-1
6,46,1.5936254980079683,1
6,47,1.5936254980079683,1
6,48,-0.4039118567605625,1
6,49,0.39840637450199207,1
6,50,-0.4039118567605625,2
6,51,-0.18853874285104139,-1
6,52,-0.4039118567605625,2
6,53,0.4448492262107349,-1
6,54,0.19920318725099603,1
6,55,0.35100250922607723,-1
6,56,-0.4039118567605625,2
6,57,-0.4039118567605625,2
6,58,-0.4039118567605625,2
6,59,0.7968127490039841,0
6,60,0.09456081870174246,-1
6,61,-0.4039118567605625,2
6,62,0.03934989689483268,-1
6,63,0.0,0
6,64,-0.4039118567605625,2
6,65,0.19920318725099603,1
6,66,-0.4039118567605625,2
6,67,-0.4039118567605625,2
6,68,-0.2611877047922214,-1
6,69,1.1952191235059761,0
6,70,-0.4039118567605625,2
6,71,-0.4039118567605625,2
6,72,0.40579807403551615,-1
6,73,-0.4039118567605625,2
6,74,-0.730995161731633,-1
6,75,-0.4039118567605625,2
6,76,0.19920318725099603,1
6,77,1.1952191235059761,1
6,78,1.3944223107569722,1
6,79,-0.4039118567605625,2
6,80,-0.4039118567605625,2
6,81,0.5976095617529881,0
6,82,-0.4039118567605625,2
6,83,-0.4039118567605625,2
6,84,1.3944223107569722,1
6,85,-0.4039118567605625,2
6,86,0.03665215186156546,-1
6,87,-0.028968514551509193,-1
6,88,0.15594682576227756,-1
6,89,1.5936254980079683,1
6,90,0.25156055843627156,-1
6,91,-0.4039118567605625,2
6,92,-2.684795691605438,1
6,93,0.26096828765340646,-1
6,94,-0.4039118567605625,2
6,95,0.40370872957082904,-1
6,96,0.3876899437426174,-1
6,97,-0.4039118567605625,2
6,98,-0.4039118567605625,2
6,99,1.5936254980079683,1
7,0,0.677940929454044,-1
7,1,0.10196888691970658,2
7,2,0.7534401319352136,-1
7,3,0.10196888691970658,2
7,4,0.9009009009009008,0
7,5,0.2252252252252252,0
7,6,1.126126126126126,1
7,7,-0.14740716782356122,-1
7,8,-0.166623679417122,-1
7,9,0.4603046866538669,-1
7,10,0.6756756756756757,0
7,11,0.4504504504504504,0
7,12,0.5615322404371583,-1
7,13,0.0,0
7,14,0.10196888691970658,2
7,15,0.10196888691970658,2
7,16,0.2798239600255994,-1
7,17,0.18527414955939542,-1
7,18,0.18696323044355828,-1
7,19,-2.7082413232905034,0
7,20,0.7590363166445131,-1
7,21,1.126126126126126,0
7,22,0.10196888691970658,2
7,23,0.10196888691970658,2
7,24,0.9009009009009008,1
7,25,0.22984189927632545,-1
7,26,0.10196888691970658,2
7,27,0.10196888691970658,2
7,28,0.10196888691970658,2
7,29,0.10196888691970658,2
7,30,0.10196888691970658,2
7,31,0.10196888691970658,2
7,32,0.10196888691970658,2
7,33,0.7360160537586765,-1
7,34,0.10196888691970658,2
7,35,-0.04840848225274456,-1
7,36,0.10196888691970658,2
7,37,0.6756756756756757,1
7,38,0.0,0
7,39,1.5765765765765765,0
7,40,0.10196888691970658,2
7,41,0.6756756756756757,1
7,42,0.2252252252252252,0
7,43,0.10196888691970658,2
7,44,0.16167323881258305,-1
7,45,0.3750124944616748,-1
7,46,0.10196888691970658,2
7,47,0.24233343671540392,-1
7,48,0.10196888691970658,1
7,49,0.10196888691970658,2
7,50,-2.6140701028897744,0
7,51,1.3513513513513513,1
7,52,0.10196888691970658,2
7,53,0.16723496283168413,-1
7,54,0.48232629842957697,-1
7,55,0.10196888691970658,2
7,56,0.10196888691970658,2
7,57,0.2252252252252252,0
7,58,0.10196888691970658,2
7,59,0.10196888691970658,2
7,60,1.126126126126126,1
7,61,0.10196888691970658,2
7,62,2.0270270270270268,0
7,63,1.3513513513513513,0
7,64,0.10196888691970658,2
7,65,2.0270270270270268,1
7,66,0.10196888691970658,2
7,67,0.6872610988037215,-1
7,68,0.10196888691970658,2
7,69,1.126126126126126,0
7,70,0.10196888691970658,2
7,71,0.10196888691970658,2
7,72,0.4504504504504504,1
7,73,0.4504504504504504,1
7,74,0.5418039728252841,-1
7,75,0.10196888691970658,0
7,76,1.8018018018018016,1
7,77,2.0270270270270268,0
7,78,0.10196888691970658,2
7,79,0.4504504504504504,1
7,80,0.10196888691970658,2
7,81,0.9009009009009008,1
7,82,0.10196888691970658,2
7,83,1.3513513513513513,1
7,84,1.5765765765765765,1
7,85,2.0270270270270268,1
7,86,0.21238336040958988,-1
7,87,1.8018018018018016,1
7,88,0.346790434696992,-1
7,89,-2.696219465367006,1
7,90,0.10196888691970658,0
7,91,0.3687884310540048,-1
7,92,0.6070437355388174,-1
7,93,0.4504504504504504,0
7,94,0.10196888691970658,2
7,95,0.10196888691970658,1
7,96,0.0,0
7,97,1.3513513513513513,1
7,98,0.10196888691970658,2
7,99,0.10196888691970658,2
8,0,-1.2003186095726959,0
8,1,-1.2003186095726959,2
8,2,0.7575757575757576,1
8,3,-1.2003186095726959,2
8,4,-2.7620075645008777,0
8,5,1.1363636363636362,1
8,6,-0.4441828943221216,-1
8,7,-1.2003186095726959,0
8,8,-3.2295590076095273,1
8,9,-2.3234308613625108,0
8,10,0.5681818181818181,0
8,11,-1.2003186095726959,2
8,12,-0.48439350713674634,-1
8,13,-3.1947893196451886,0
8,14,1.1363636363636362,1
8,15,-1.2003186095726959,2
8,16,-1.2003186095726959,0
8,17,-0.9122811382772751,-1
8,18,-0.21663696249268316,-1
8,19,-0.12926843621955053,-1
8,20,-1.0800448827052096,-1
8,21,-2.617133864649466,1
8,22,-1.2003186095726959,2
8,23,-1.2003186095726959,2
8,24,0.7575757575757576,1
8,25,-0.23314535548651444,-1
8,26,-1.2003186095726959,2
8,27,-1.2003186095726959,2
8,28,-0.3078619163402224,-1
8,29,-0.18081409788824349,-1
8,30,0.3787878787878788,0
8,31,-2.3176359133684543,0
8,32,-1.2003186095726959,2
8,33,0.0,0
8,34,-2.3234308613625108,1
8,35,-1.2003186095726959,0
8,36,-0.6521744157773874,-1
8,37,0.1893939393939394,1
8,38,0.0,0
8,39,-1.2003186095726959,2
8,40,-1.2003186095726959,1
8,41,-0.6367086721599351,-1
8,42,-3.24114890359764,0
8,43,-1.8500844702598045,0
8,44,-3.1252499437165113,0
8,45,-0.26900807330361565,-1
8,46,-3.1252499437165113,1
8,47,-1.2003186095726959,0
8,48,0.0,0
8,49,-3.2121741636273584,0
8,50,1.1363636363636362,0
8,51,-0.8892592732675944,-1
8,52,-1.2003186095726959,2
8,53,0.1893939393939394,0
8,54,-0.07801641226529787,-1
8,55,0.3787878787878788,1
8,56,-0.9085731235084877,-1
8,57,-1.2003186095726959,2
8,58,-1.2003186095726959,2
8,59,0.3787878787878788,1
8,60,-2.16117231752893,1
8,61,-1.2003186095726959,2
8,62,0.3787878787878788,1
8,63,-1.2003186095726959,1
8,64,-1.2003186095726959,2
8,65,0.1893939393939394,1
8,66,-1.2003186095726959,2
8,67,0.7575757575757576,1
8,68,-2.9571964518888736,1
8,69,-2.0452733576478,1
8,70,-1.2003186095726959,2
8,71,-1.2003186095726959,2
8,72,-2.0452733576478,0
8,73,0.1893939393939394,1
8,74,-1.2003186095726959,2
8,75,-3.235353955603584,1
8,76,-0.717327677968391,-1
8,77,-2.16117231752893,1
8,78,0.1893939393939394,1
8,79,0.1893939393939394,0
8,80,-1.2003186095726959,2
8,81,-0.5274739024719708,-1
8,82,-1.2003186095726959,2
8,83,1.1363636363636362,1
8,84,-0.7316871178351118,-1
8,85,-0.28363620604259526,-1
8,86,-3.235353955603584,1
8,87,-2.576569228691071,1
8,88,0.0022525102435950297,-1
8,89,0.1893939393939394,1
8,90,-1.2003186095726959,2
8,91,-3.2295590076095273,0
8,92,-0.3049822279256157,-1
8,93,0.009998189923004146,-1
8,94,-1.2003186095726959,2
8,95,-0.4180601512900176,-1
8,96,0.1893939393939394,0
8,97,-1.2003186095726959,2
8,98,-1.2003186095726959,2
8,99,-1.2003186095726959,2
9,0,-1.3489006814972473,0
9,1,0.19083969465648853,0
9,2,-1.7218403290833553,1
9,3,0.7633587786259541,1
9,4,0.7633587786259541,1
9,5,0.9541984732824427,0
9,6,-1.3489006814972473,2
9,7,-1.3489006814972473,0
9,8,-1.3489006814972473,2
9,9,-2.791187278718048,0
9,10,-0.9176108793974992,-1
9,11,-1.3489006814972473,2
9,12,-1.4875313222683828,-1
9,13,-1.118072201870536,-1
9,14,0.7633587786259541,1
9,15,-1.3489006814972473,2
9,16,-1.3489006814972473,0
9,17,-1.5354737163088632,-1
9,18,-1.444137363649387,0
9,19,0.0,0
9,20,-1.3489006814972473,2
9,21,0.9541984732824427,1
9,22,-1.3489006814972473,2
9,23,-1.3489006814972473,2
9,24,-1.213984941571332,-1
9,25,-0.9238640771135624,-1
9,26,-1.3489006814972473,2
9,27,-1.034022683830301,-1
9,28,-1.700316423469701,-1
9,29,0.5725190839694656,0
9,30,-1.3489006814972473,2
9,31,0.7633587786259541,0
9,32,-1.176308945418824,1
9,33,0.9541984732824427,0
9,34,-2.791187278718048,1
9,35,-1.3489006814972473,0
9,36,-1.2964024169617094,-1
9,37,-1.7218403290833553,1
9,38,0.38167938931297707,0
9,39,-1.3489006814972473,2
9,40,-3.5321610216319095,1
9,41,-2.585870372265313,0
9,42,0.19083969465648853,1
9,43,-0.8986059799848555,0
9,44,-3.481490780345046,0
9,45,-0.6652342324458177,-1
9,46,-3.481490780345046,1
9,47,-1.3489006814972473,0
9,48,-1.3489006814972473,2
9,49,-1.3489006814972473,2
9,50,-3.3439572682807026,0
9,51,-0.8353691341096535,-1
9,52,-1.3489006814972473,2
9,53,-2.5786317663671894,0
9,54,0.19083969465648853,1
9,55,0.19083969465648853,1
9,56,-1.3489006814972473,0
9,57,-1.3489006814972473,2
9,58,-1.3489006814972473,2
9,59,-1.3489006814972473,2
9,60,0.7633587786259541,1
9,61,-1.3489006814972473,2
9,62,-3.1169245441335978,1
9,63,-1.910044082434562,1
9,64,-1.3489006814972473,2
9,65,0.19083969465648853,1
9,66,-1.3489006814972473,2
9,67,-2.585870372265313,1
9,68,-1.3489006814972473,2
9,69,-2.585870372265313,1
9,70,-1.3489006814972473,2
9,71,-1.3489006814972473,2
9,72,0.19083969465648853,0
9,73,-1.3427968810756605,1
9,74,0.7633587786259541,0
9,75,-3.6262628983075125,1
9,76,0.7633587786259541,1
9,77,0.7633587786259541,1
9,78,-1.1300252481427662,-1
9,79,-1.3489006814972473,2
9,80,-1.3489006814972473,2
9,81,-0.7131466262816446,-1
9,82,-1.3489006814972473,2
9,83,0.7633587786259541,1
9,84,-3.145878967726091,0
9,85,-0.855009369052248,-1
9,86,0.19083969465648853,1
9,87,-1.7797491762683422,0
9,88,-0.9406120418312425,-1
9,89,0.7633587786259541,0
9,90,-1.3489006814972473,0
9,91,0.5725190839694656,0
9,92,-1.2489487874260685,-1
9,93,-0.9081249677670222,-1
9,94,-1.3489006814972473,2
9,95,-2.1877470478685304,0
9,96,-1.3489006814972473,2
9,97,-1.3427968810756605,1
9,98,0.7633587786259541,1
9,99,-1.3489006814972473,2
10,0,-1.3903100065235563,0
10,1,0.8032128514056224,0
10,2,-1.0409976158440868,-1
10,3,-1.3903100065235563,2
10,4,-1.1774010503944712,-1
10,5,-3.692731367092736,1
10,6,-3.4222581034799093,1
10,7,-1.3903100065235563,0
10,8,-1.3903100065235563,2
10,9,0.8032128514056224,0
10,10,-1.2979652088047622,-1
10,11,-1.3903100065235563,2
10,12,-0.9862116937292316,-1
10,13,-1.3903100065235563,2
10,14,-1.3903100065235563,2
10,15,-1.3903100065235563,2
10,16,-1.3903100065235563,2
10,17,-1.2683273935844899,-1
10,18,-2.3007278199090777,0
10,19,-3.3758114029722948,0
10,20,-1.3903100065235563,2
10,21,-2.7260234185472854,1
10,22,-1.3903100065235563,2
10,23,-0.978691131021548,-1
10,24,-0.8618117495362159,1
10,25,-0.4984450849081604,0
10,26,-3.4222581034799093,0
10,27,0.0,0
10,28,0.8032128514056224,0
10,29,0.6024096385542168,0
10,30,-1.3903100065235563,2
10,31,0.2008032128514056,0
10,32,-1.356777398935845,1
10,33,-1.3903100065235563,2
10,34,-2.2078344188938495,1
10,35,-1.3903100065235563,0
10,36,-0.7303568512629196,-1
10,37,-0.706989414510835,0
10,38,-1.3903100065235563,2
10,39,-1.3903100065235563,2
10,40,-0.768567411014617,-1
10,41,-1.3903100065235563,2
10,42,-1.1482330693331702,0
10,43,-1.3903100065235563,2
10,44,-3.2829180019570665,0
10,45,-0.8261251274132061,-1
10,46,-3.2829180019570665,1
10,47,-1.3903100065235563,0
10,48,-1.3903100065235563,1
10,49,-1.140491952581901,0
10,50,-0.7921416987747945,0
10,51,-3.3758114029722948,1
10,52,-1.3903100065235563,2
10,53,-1.1947134471897742,-1
10,54,-0.8618117495362159,1
10,55,0.6024096385542168,1
10,56,-1.3903100065235563,2
10,57,-1.3903100065235563,2
10,58,-3.128095666931686,1
10,59,-1.3903100065235563,2
10,60,-2.0220476168633925,1
10,61,-1.3903100065235563,2
10,62,-2.316210053411616,1
10,63,-1.356777398935845,1
10,64,-1.3903100065235563,2
10,65,-1.3903100065235563,2
10,66,-2.316210053411616,1
10,67,-1.3903100065235563,2
10,68,-1.3903100065235563,2
10,69,-0.5061862016594294,1
10,70,-1.3903100065235563,2
10,71,-1.3903100065235563,2
10,72,-3.3216235857134118,1
10,73,0.2008032128514056,1
10,74,-1.3903100065235563,2
10,75,-2.1536466016349665,1
10,76,-3.128095666931686,1
10,77,-3.1900246009418383,1
10,78,-1.3903100065235563,2
10,79,-1.3903100065235563,2
10,80,-1.3903100065235563,2
10,81,-1.3705482294660878,-1
10,82,-1.3903100065235563,2
10,83,0.8032128514056224,1
10,84,-1.1172686023280938,0
10,85,0.4016064257028112,0
10,86,-2.2078344188938495,1
10,87,-3.2442124182007213,0
10,88,-1.2111709250708416,-1
10,89,-1.523833274978085,-1
10,90,-1.3903100065235563,2
10,91,-1.3903100065235563,2
10,92,-0.4829628514056223,1
10,93,0.2008032128514056,0
10,94,-1.3903100065235563,2
10,95,-1.4961175004586873,0
10,96,-1.3903100065235563,2
10,97,-1.3903100065235563,2
10,98,-1.3903100065235563,2
10,99,-1.3903100065235563,2
11,0,-0.9212199425207862,0
11,1,-0.9212199425207862,2
11,2,1.3232514177693762,1
11,3,-0.9212199425207862,2
11,4,-2.9998063227135106,0
11,5,0.3780718336483932,0
11,6,0.3780718336483932,0
11,7,-0.9212199425207862,0
11,8,-0.9212199425207862,2
11,9,0.7561436672967864,0
11,10,-0.3169607081930932,-1
11,11,0.11026621175096443,-1
11,12,-0.10901468640017202,-1
11,13,0.945179584120983,0
11,14,-0.9212199425207862,2
11,15,1.3232514177693762,0
11,16,-0.9212199425207862,0
11,17,0.3780718336483932,0
11,18,1.3232514177693762,0
11,19,-0.9212199425207862,2
11,20,0.7561436672967864,1
11,21,0.3780718336483932,1
11,22,-0.9212199425207862,2
11,23,-0.9212199425207862,2
11,24,-1.8580644258994574,1
11,25,-0.9212199425207862,2
11,26,-0.9212199425207862,2
11,27,-0.0013026480397128448,-1
11,28,-0.013953380361780898,-1
11,29,-0.9212199425207862,2
11,30,-0.9212199425207862,2
11,31,1.1342155009451795,0
11,32,-0.9212199425207862,2
11,33,-0.9212199425207862,2
11,34,1.3232514177693762,1
11,35,-0.9212199425207862,0
11,36,-2.803220956859852,0
11,37,-0.302607854980251,-1
11,38,-0.9212199425207862,1
11,39,-0.9212199425207862,2
11,40,-0.5591538890681913,-1
11,41,0.3780718336483932,0
11,42,-2.498250080686062,0
11,43,0.1890359168241966,1
11,44,1.3232514177693762,1
11,45,-0.4865855840902455,-1
11,46,-2.4175996741819974,1
11,47,-0.9212199425207862,0
11,48,0.945179584120983,1
11,49,0.7561436672967864,0
11,50,-2.057181643536662,0
11,51,0.36702276422764235,-1
11,52,-0.9212199425207862,2
11,53,-0.9212199425207862,2
11,54,-2.1680759524797515,0
11,55,0.5671077504725898,1
11,56,-0.9212199425207862,2
11,57,0.5671077504725898,1
11,58,0.0,0
11,59,-0.9212199425207862,2
11,60,0.1890359168241966,1
11,61,-0.9212199425207862,2
11,62,0.3780718336483932,1
11,63,-0.9212199425207862,1
11,64,0.1890359168241966,0
11,65,-0.9212199425207862,2
11,66,1.3232514177693762,0
11,67,0.7561436672967864,1
11,68,-0.9212199425207862,2
11,69,0.1890359168241966,0
11,70,-0.9212199425207862,2
11,71,-0.9212199425207862,2
11,72,-2.3671931701169564,0
11,73,1.3232514177693762,1
11,74,-0.9212199425207862,2
11,75,1.3232514177693762,1
11,76,-0.6639243103262791,-1
11,77,0.3780718336483932,1
11,78,-0.9212199425207862,2
11,79,-0.9212199425207862,2
11,80,-0.9212199425207862,2
11,81,0.7561436672967864,1
11,82,0.945179584120983,0
11,83,-2.8435461601118845,1
11,84,-0.9212199425207862,2
11,85,0.3780718336483932,0
11,86,-0.7395627276499608,-1
11,87,-2.112628798008207,0
11,88,-0.07280477661487385,-1
11,89,0.1890359168241966,0
11,90,-0.9212199425207862,2
11,91,-0.9212199425207862,2
11,92,0.945179584120983,1
11,93,0.22327223323651008,-1
11,94,-0.9212199425207862,2
11,95,-0.9212199425207862,2
11,96,-0.1929930748305592,-1
11,97,1.1342155009451795,0
11,98,-0.9212199425207862,2
11,99,0.7561436672967864,1
12,0,-1.175109511254819,1
12,1,0.2114164904862579,0
12,2,0.2114164904862579,1
12,3,-1.5003745280437755,2
12,4,0.0,0
12,5,-0.29545772665091397,0
12,6,0.4228329809725158,1
12,7,-1.1688277362268376,-1
12,8,-1.5003745280437755,2
12,9,-1.175109511254819,0
12,10,-2.6587660216390994,0
12,11,-1.5003745280437755,2
12,12,-1.5003745280437755,2
12,13,-2.113231884094018,0
12,14,-1.8626436487999005,1
12,15,-1.5003745280437755,2
12,16,-1.5003745280437755,0
12,17,0.2114164904862579,0
12,18,-2.692177786344982,0
12,19,-1.3922859818430544,0
12,20,-1.5003745280437755,2
12,21,0.2114164904862579,1
12,22,-1.5003745280437755,2
12,23,-1.5003745280437755,2
12,24,-1.5003745280437755,2
12,25,-1.5054198516353687,-1
12,26,-1.400638923019525,0
12,27,-1.5003745280437755,2
12,28,-0.8012828812336774,-1
12,29,0.2114164904862579,1
12,30,-1.5003745280437755,2
12,31,-3.29042253202338,1
12,32,0.4228329809725158,1
12,33,0.4228329809725158,1
12,34,-1.175109511254819,1
12,35,-1.5003745280437755,0
12,36,-1.2838353099117026,-1
12,37,-3.4658342967292626,0
12,38,-1.5003745280437755,2
12,39,-1.3505212759607015,1
12,40,-1.5003745280437755,1
12,41,-0.2119283148862081,0
12,42,-0.579457726650914,0
12,43,-1.5003745280437755,2
12,44,-3.599481355552791,0
12,45,-1.3442114048003977,-1
12,46,-3.599481355552791,1
12,47,-1.5003745280437755,0
12,48,-2.096526001741077,1
12,49,-1.723940472951125,-1
12,50,-2.3330013157567464,0
12,51,-2.1215848252704887,0
12,52,-1.5003745280437755,2
12,53,-1.5003745280437755,2
12,54,0.4228329809725158,0
12,55,-2.0213495311528415,0
12,56,-1.5003745280437755,2
12,57,-1.5003745280437755,2
12,58,-1.5003745280437755,2
12,59,-3.0539472180077105,1
12,60,-2.91194721800771,1
12,61,-2.5752366098743935,1
12,62,0.4228329809725158,1
12,63,-1.6955848252704886,1
12,64,-0.6128694913567964,0
12,65,-1.9287681560751153,-1
12,66,0.016194057952990983,1
12,67,-1.4883408807362266,-1
12,68,-1.5003745280437755,2
12,69,0.2114164904862579,0
12,70,-1.5003745280437755,2
12,71,-1.5003745280437755,2
12,72,-1.612055413505783,0
12,73,-2.6337071981096876,1
12,74,0.33619878373336654,0
12,75,-1.5003745280437755,0
12,76,0.33619878373336654,1
12,77,0.2114164904862579,1
12,78,-1.5003745280437755,2
12,79,-3.9863096107449323,0
12,80,-1.5003745280437755,2
12,81,-1.2586978145753016,-1
12,82,-1.5003745280437755,2
12,83,-2.5752366098743935,1
12,84,-1.6955848252704886,1
12,85,-1.044851803009576,-1
12,86,-1.6955848252704886,1
12,87,-0.4959283148862081,0
12,88,-1.3672271583136426,0
12,89,-1.0747555960701405,-1
12,90,-1.5003745280437755,0
12,91,-1.5003745280437755,2
12,92,-1.4437092382788212,-1
12,93,-1.678894295112548,-1
12,94,-1.5003745280437755,2
12,95,-0.6045165501803258,0
12,96,0.4228329809725158,0
12,97,-3.3823048849645567,1
12,98,-1.5003745280437755,2
12,99,-1.5003745280437755,2
13,0,-1.3590914226477508,0
13,1,-1.3590914226477508,2
13,2,0.2032520325203252,1
13,3,-1.3590914226477508,2
13,4,-1.3590914226477508,2
13,5,0.8130081300813008,0
13,6,-2.655020558156871,1
13,7,-1.3590914226477508,0
13,8,-0.8870789450695368,-1
13,9,-2.871166573485219,0
13,10,-2.032714084375801,0
13,11,-1.3590914226477508,2
13,12,-1.0353287674424023,-1
13,13,1.016260162601626,1
13,14,-1.3590914226477508,2
13,15,-1.3590914226477508,2
13,16,-1.3590914226477508,0
13,17,-3.377427201994083,0
13,18,-0.7587419223332637,-1
13,19,0.2032520325203252,0
13,20,-1.3590914226477508,2
13,21,-3.377427201994083,1
13,22,-1.3590914226477508,2
13,23,-1.3590914226477508,2
13,24,0.2032520325203252,0
13,25,-2.6485735667528596,1
13,26,-1.3590914226477508,2
13,27,-1.3590914226477508,2
13,28,-1.3590914226477508,2
13,29,-2.9420834789293453,0
13,30,-0.5778254041745289,-1
13,31,0.6097560975609756,0
13,32,0.6097560975609756,1
13,33,-1.3590914226477508,2
13,34,-1.6618402753511776,1
13,35,-1.3590914226477508,0
13,36,0.4065040650406504,0
13,37,-1.3590914226477508,2
13,38,-1.3076957130710278,-1
13,39,1.016260162601626,1
13,40,0.2032520325203252,0
13,41,-2.058502049991847,0
13,42,-2.052055058587835,0
13,43,-0.7622437597549329,-1
13,44,0.4065040650406504,0
13,45,-1.2036819979267128,-1
13,46,0.4065040650406504,1
13,47,-1.3590914226477508,0
13,48,-1.3590914226477508,1
13,49,-0.6581851428005685,-1
13,50,0.6097560975609756,0
13,51,-0.9174229593262982,-1
13,52,-1.3590914226477508,2
13,53,-1.4104076105947307,0
13,54,-0.6520743820905259,-1
13,55,0.0,0
13,56,-1.3590914226477508,2
13,57,-1.3590914226477508,2
13,58,-1.3590914226477508,2
13,59,-3.4741320730542555,1
13,60,-1.3590914226477508,2
13,61,-1.3590914226477508,2
13,62,-2.661467549560882,1
13,63,-1.3590914226477508,1
13,64,-2.584103652712745,0
13,65,-0.3904233407878491,-1
13,66,-1.3590914226477508,2
13,67,-1.3590914226477508,2
13,68,-1.3590914226477508,2
13,69,-1.3590914226477508,2
13,70,-1.3590914226477508,2
13,71,-3.0452353413935285,1
13,72,-1.3590914226477508,2
13,73,-2.506739755864607,1
13,74,-1.3590914226477508,2
13,75,-1.3590914226477508,2
13,76,-3.0452353413935285,1
13,77,-1.6618402753511776,1
13,78,-0.8665055675914927,-1
13,79,0.8130081300813008,0
13,80,-1.3590914226477508,2
13,81,-0.711007317655555,-1
13,82,-1.3590914226477508,2
13,83,-1.3590914226477508,2
13,84,-2.058502049991847,1
13,85,-0.2276594421925596,-1
13,86,-1.3590914226477508,1
13,87,-0.9950832314161253,-1
13,88,-2.642126575348848,0
13,89,0.0,0
13,90,-1.3590914226477508,0
13,91,-1.3590914226477508,2
13,92,-0.1652418495352575,-1
13,93,-0.6268313736110142,-1
13,94,-1.3590914226477508,2
13,95,0.6097560975609756,0
13,96,-3.454791098842221,0
13,97,-1.3590914226477508,2
13,98,-1.3590914226477508,2
13,99,-1.3590914226477508,2
14,0,-3.670086490347437,1
14,1,-1.9446465962688428,-1
14,2,-3.51285036412328,1
14,3,-1.3341723844811266,2
14,4,-0.6478642462618577,0
14,5,-3.3227693538262946,0
14,6,-0.7126085335306281,1
14,7,-1.30038772685146,-1
14,8,-1.3451328951588621,-1
14,9,0.3616636528028933,0
14,10,-0.0415699606656343,0
14,11,-1.3341723844811266,2
14,12,0.3982390148108941,0
14,13,0.8010512547052677,1
14,14,-1.3341723844811266,2
14,15,-1.3341723844811266,2
14,16,-1.3341723844811266,0
14,17,-3.9753095589002116,0
14,18,0.8195496224963449,0
14,19,0.7733037030186518,1
14,20,-1.3341723844811266,2
14,21,-1.2541585318580812,1
14,22,-1.3341723844811266,2
14,23,-1.3341723844811266,2
14,24,-1.3341723844811266,2
14,25,-0.7218577174261667,0
14,26,-1.3341723844811266,2
14,27,-1.8046185727469322,-1
14,28,-0.4536313844555465,1
14,29,-1.3341723844811266,1
14,30,-1.3341723844811266,2
14,31,-2.897306894631518,0
14,32,-1.5131356809331629,1
14,33,-0.5276248556198555,0
14,34,-1.3341723844811266,2
14,35,-1.161934726400856,-1
14,36,-1.3341723844811266,2
14,37,-2.629080561660898,0
14,38,-1.3341723844811266,2
14,39,-1.3341723844811266,2
14,40,-4.095548949542214,1
14,41,-2.0597830116468288,0
14,42,-4.095548949542214,0
14,43,-0.7033593496350894,1
14,44,0.3149963597510464,0
14,45,-1.2968327689307702,-1
14,46,0.3149963597510464,1
14,47,-1.803184250216939,-1
14,48,-3.2857726182441405,1
14,49,-0.7133874218576288,-1
14,50,-2.81406423957167,0
14,51,-3.2857726182441405,0
14,52,-1.3341723844811266,2
14,53,0.0,0
14,54,-0.9928557192246465,-1
14,55,-2.355756896304065,1
14,56,-1.4010021679158293,-1
14,57,-1.3341723844811266,2
14,58,-1.3341723844811266,2
14,59,-3.3042709860352177,1
14,60,-3.119287308124445,1
14,61,-1.4108545115474598,-1
14,62,-1.0895823778499707,-1
14,63,-1.7217150590212253,1
14,64,-1.3058438106913126,-1
14,65,-1.3341723844811266,2
14,66,-1.3341723844811266,2
14,67,-1.3341723844811266,2
14,68,-1.3341723844811266,2
14,69,-2.0597830116468288,1
14,70,-1.3341723844811266,2
14,71,-1.3341723844811266,2
14,72,-1.3341723844811266,2
14,73,-2.2725142412442176,1
14,74,-1.3341723844811266,2
14,75,-1.189414244589311,1
14,76,-1.3341723844811266,1
14,77,-1.3341723844811266,2
14,78,0.3616636528028933,0
14,79,-1.1061715895294633,0
14,80,-1.3341723844811266,2
14,81,-1.337570986330373,-1
14,82,-1.3341723844811266,2
14,83,-3.7440799615117455,1
14,84,0.8010512547052677,1
14,85,-3.267274250453063,0
14,86,-1.3341723844811266,1
14,87,-1.860452817454305,1
14,88,-1.3341723844811266,2
14,89,-0.8865562039680681,-1
14,90,-0.7860356527950223,-1
14,91,-1.3341723844811266,2
14,92,-0.9119387277231521,1
14,93,-0.8802010780056158,-1
14,94,-0.969382552286765,-1
14,95,-1.4316441066337142,-1
14,96,-1.5131356809331629,0
14,97,-1.3341723844811266,2
14,98,-1.3341723844811266,2
14,99,-1.3341723844811266,2
15,0,-1.0583197004608291,-1
15,1,-1.3098902498180933,2
15,2,-0.5278548387096771,-1
15,3,-1.3098902498180933,2
15,4,-1.3098902498180933,2
15,5,-3.9766923356779045,1
15,6,0.37481142372059206,1
15,7,-1.5837310817365995,-1
15,8,-1.3098902498180933,2
15,9,-1.3372982658258548,-1
15,10,-1.2956622604899342,-1
15,11,-1.3098902498180933,2
15,12,-3.1424090468105748,1
15,13,-1.1856028377395098,-1
15,14,-1.3098902498180933,2
15,15,-1.4546619269949066,-1
15,16,-1.3098902498180933,2
15,17,-0.946311363085132,-1
15,18,-1.144529074702886,-1
15,19,-1.511102959010429,0
15,20,-1.3098902498180933,2
15,21,-1.3098902498180933,2
15,22,-1.3098902498180933,2
15,23,-1.3098902498180933,2
15,24,-1.3098902498180933,2
15,25,-1.3098902498180933,2
15,26,-1.3098902498180933,2
15,27,-1.3098902498180933,2
15,28,-1.0343188818821243,-1
15,29,0.18796992481203006,1
15,30,-1.3098902498180933,2
15,31,-0.7085557543051174,-1
15,32,1.2305899830220717,1
15,33,-1.3098902498180933,2
15,34,-0.7393243693912199,-1
15,35,-0.9781652922629153,-1
15,36,-0.942833676934271,-1
15,37,-0.9179986357021583,-1
15,38,0.2964704098957072,0
15,39,-1.3098902498180933,2
15,40,-2.7585865874363327,1
15,41,-0.9335329856900314,-1
15,42,-0.8160150982294443,-1
15,43,-3.201164807179238,1
15,44,-1.3098902498180933,2
15,45,-1.4245163715740963,-1
15,46,0.42377455736114494,0
15,47,-0.7490126121756002,-1
15,48,-0.5691007761338829,1
15,49,-1.3098902498180933,2
15,50,-1.3098902498180933,2
15,51,-1.3098902498180933,2
15,52,-1.3098902498180933,2
15,53,-4.045240722774679,1
15,54,-1.044789837496968,-1
15,55,1.2012121028377396,1
15,56,-0.8633920991996117,-1
15,57,-1.3098902498180933,2
15,58,-1.5013103322823187,0
15,59,0.3062630366238179,0
15,60,-1.3098902498180933,2
15,61,-1.3098902498180933,2
15,62,-1.3098902498180933,2
15,63,0.7880117632791659,1
15,64,-1.3098902498180933,2
15,65,-1.3098902498180933,2
15,66,-1.3098902498180933,2
15,67,-1.3098902498180933,2
15,68,-1.3098902498180933,2
15,69,-1.3098902498180933,1
15,70,-1.3098902498180933,2
15,71,-1.3098902498180933,2
15,72,-1.1584039534319668,-1
15,73,-1.2517667960223138,-1
15,74,-0.7331908197914138,-1
15,75,-1.3098902498180933,1
15,76,-1.0749929662866842,-1
15,77,0.0,0
15,78,-1.3098902498180933,2
15,79,-1.3098902498180933,2
15,80,-1.3098902498180933,1
15,81,-0.5429769888430753,-1
15,82,-1.3098902498180933,2
15,83,0.0,0
15,84,-1.8753401649284498,1
15,85,-1.3439314819306327,-1
15,86,-1.4131766917293231,0
15,87,-3.2305426873635703,1
15,88,-0.845765371089013,-1
15,89,-1.2708809119573126,-1
15,90,-1.3098902498180933,2
15,91,-1.3098902498180933,2
15,92,-3.2305426873635703,0
15,93,-0.8910124909046809,-1
15,94,-1.3098902498180933,2
15,95,-1.3098902498180933,2
15,96,-4.035448096046568,1
15,97,-1.3098902498180933,2
15,98,-0.8125832828037837,-1
15,99,-2.6900382003395586,1
